{
  "aave": 6.016,
  "brave": 3.205533596837945,
  "celo": 5.238372093023256,
  "cloudflare": 3.02734375,
  "coinbase": 5.59765625,
  "linea": 3.4709302325581395,
  "metamask": 2.011764705882353,
  "opensea": 4.203125,
  "optimism": 8.3046875,
  "ourzora": 2.7578125,
  "paradigmxyz": 3.5813953488372094,
  "pimlicolabs": 6.5390625,
  "polymarket": 4.406976744186046,
  "rainbow-me": 4.13671875,
  "shopify": 3.111111111111111,
  "stripe": 2.4011627906976742,
  "sushiswap": 4.1328125,
  "syndicateprotocol": 6.87109375,
  "tempoxyz": 4.488372093023256,
  "thirdweb": 6.186046511627907,
  "vercel": 5,
  "walletconnect": 8.55813953488372,
  "web3auth": 5.99609375
}
