{
  "aave": 5.9921875,
  "brave": 3.205533596837945,
  "cloudflare": 3.02734375,
  "coinbase": 5.59765625,
  "metamask": 2.011764705882353,
  "ourzora": 2.8796296296296298,
  "paradigmxyz": 3.5813953488372094,
  "pimlicolabs": 6.5390625,
  "polymarket": 4.406976744186046,
  "rainbow-me": 5.680232558139535,
  "shopify": 3.111111111111111,
  "stripe": 2.4011627906976742,
  "sushiswap": 4.1328125,
  "syndicateprotocol": 6.87109375,
  "tempoxyz": 4.488372093023256,
  "vercel": 5,
  "web3auth": 5.99609375
}
